Source,Destination,Protocol,SrcPort,DstPort,DataSize,Duration
192.168.100.1,192.168.1.254,17,26825,3306,7748,1.232441
192.168.100.2,192.168.1.254,17,21492,53,4553,1.051827
192.168.100.3,192.168.1.254,17,13188,80,969,4.183185
192.168.100.4,192.168.1.254,17,28220,3306,287,3.5717
192.168.100.5,192.168.1.254,6,36194,22,9590,1.586244
192.168.100.6,192.168.1.254,6,36230,22,6576,4.333525
192.168.100.7,192.168.1.254,17,27992,8080,5705,3.664457
192.168.100.8,192.168.1.254,6,56518,443,6582,2.142168
192.168.100.9,192.168.1.254,6,58509,53,995,3.139192
192.168.100.10,192.168.1.254,6,58439,22,9105,2.907751
192.168.100.11,192.168.1.254,17,47898,80,7950,3.952605
192.168.100.12,192.168.1.254,6,46900,27017,2452,2.822567
192.168.100.13,192.168.1.254,17,36014,22,7331,4.098254
192.168.100.14,192.168.1.254,17,48837,443,3711,3.541811
192.168.100.15,192.168.1.254,6,33438,21,5537,0.869196
192.168.100.16,192.168.1.254,17,12325,3306,3587,0.955879
192.168.100.17,192.168.1.254,17,62064,22,1388,1.486579
192.168.100.18,192.168.1.254,6,37594,80,1136,0.273697
192.168.100.19,192.168.1.254,6,30025,3306,924,0.613392
192.168.100.20,192.168.1.254,6,52909,80,5212,2.027643
192.168.100.21,192.168.1.254,17,35274,21,313,0.038988
192.168.100.22,192.168.1.254,17,46287,22,8045,4.237732
192.168.100.23,192.168.1.254,6,28921,21,5752,2.388699
192.168.100.24,192.168.1.254,17,61931,80,8219,4.448041
10.0.0.11,10.0.0.29,17,19151,80,922829,8.485338
172.16.0.10,192.168.1.23,17,29687,21,635368,4.418682
192.168.1.1,10.0.0.1,6,59219,443,547471,6.896229
192.168.1.40,192.168.1.14,17,64554,53,520977,4.771061
192.168.1.21,10.0.0.18,1,43715,53,313790,4.703789
192.168.1.42,172.16.0.20,17,25664,27017,806348,2.78914
172.16.0.9,192.168.1.49,17,31335,8080,50330,5.349357
192.168.1.36,192.168.1.9,6,12617,53,246393,3.314786
192.168.1.8,172.16.0.6,17,30087,21,259935,1.687191
172.16.0.9,192.168.1.23,6,10055,22,320940,8.816852
10.0.0.12,172.16.0.12,17,41269,22,291166,0.724888
192.168.1.49,192.168.1.40,6,42151,22,7300,0.939448
10.0.0.23,10.0.0.10,17,36501,8080,108667,0.760284
10.0.0.27,10.0.0.26,17,37699,3306,812392,8.188226
192.168.1.36,192.168.1.19,17,30495,22,744966,3.574659
192.168.1.44,10.0.0.3,6,10981,22,401271,3.654021
192.168.1.3,192.168.1.11,6,36669,3306,775285,7.475051
192.168.1.17,172.16.0.6,17,48208,80,56207,3.611309
10.0.0.1,172.16.0.12,6,55595,53,626134,7.426699
192.168.1.19,10.0.0.9,1,56874,22,231696,7.1417
10.0.0.22,10.0.0.12,1,27713,21,246236,4.949208
192.168.1.44,192.168.1.40,6,49478,443,11649,1.777112
172.16.0.18,192.168.1.34,1,60585,8080,390548,1.757483
192.168.1.34,192.168.1.16,6,36115,22,112230,8.418996
192.168.1.25,10.0.0.28,1,22084,80,398277,3.893665
192.168.1.26,192.168.1.29,1,60731,443,298533,3.398429
192.168.1.13,10.0.0.17,1,34089,8080,835202,0.23307
192.168.1.10,192.168.1.43,17,18337,22,942059,3.313552
192.168.1.38,10.0.0.2,1,42838,8080,808603,9.124647
10.0.0.23,10.0.0.18,1,29749,22,478677,9.98148
192.168.1.43,192.168.1.9,17,18679,3306,881235,9.968224
192.168.1.4,172.16.0.10,17,23522,443,437190,4.346384
192.168.1.14,192.168.1.44,6,61601,21,458679,7.846644
172.16.0.16,172.16.0.6,17,34285,21,623749,7.344917
192.168.1.30,172.16.0.18,17,18861,3306,196262,3.4652
10.0.0.13,192.168.1.17,17,22281,80,405040,0.598713
172.16.0.8,10.0.0.29,1,29673,8080,94535,7.555824
192.168.1.10,192.168.1.35,1,52337,27017,321307,3.832491
192.168.1.34,192.168.1.30,1,60709,22,970961,1.84773
192.168.1.1,10.0.0.29,17,47271,3306,107982,0.915158
172.16.0.16,192.168.1.32,17,48790,21,167236,9.542118
172.16.0.2,10.0.0.26,17,20310,27017,280644,6.49033
172.16.0.11,192.168.1.36,1,18145,3306,799430,0.939725
172.16.0.5,192.168.1.45,1,48629,443,176711,7.268661
172.16.0.10,192.168.1.21,17,20502,27017,317487,1.720585
10.0.0.21,10.0.0.11,17,47128,443,946476,8.327854
10.0.0.29,192.168.1.6,17,25051,22,757184,9.007878
192.168.1.7,192.168.1.31,6,26424,22,194930,9.626389
192.168.1.31,192.168.1.42,1,29242,27017,769960,7.388623
192.168.1.17,172.16.0.14,6,10367,443,661779,2.244946
192.168.1.3,172.16.0.8,17,37226,21,352611,6.515666
10.0.0.8,192.168.1.4,6,61940,80,483604,9.852956
172.16.0.9,192.168.1.19,1,23073,80,644196,2.209373
172.16.0.7,192.168.1.41,17,56563,53,859164,3.951243
192.168.1.44,10.0.0.6,17,64758,27017,723389,4.454816
192.168.1.45,192.168.1.27,17,60217,21,857626,8.210643
192.168.1.41,192.168.1.16,17,32352,27017,556737,2.034106
192.168.1.46,10.0.0.16,6,32419,3306,182411,7.558061
172.16.0.16,192.168.1.28,17,43779,443,159789,5.00051
172.16.0.5,10.0.0.24,6,46788,21,204077,5.305327
10.0.0.1,192.168.1.39,1,42927,3306,702319,6.575905
10.0.0.16,10.0.0.18,6,65062,8080,920248,8.154018
172.16.0.15,10.0.0.18,1,17682,80,982273,2.71595
172.16.0.14,192.168.1.16,6,40148,21,598728,9.023522
10.0.0.13,192.168.1.15,17,23909,27017,836786,4.337675
192.168.1.16,10.0.0.2,1,55290,443,808265,9.553554
10.0.0.23,192.168.1.45,1,23435,21,789248,1.377784
172.16.0.13,172.16.0.9,6,12556,53,674215,9.917775
192.168.1.8,10.0.0.8,17,20307,22,995425,5.128584
192.168.1.20,172.16.0.4,17,61190,443,731776,5.582045
172.16.0.7,10.0.0.4,6,64994,22,715467,9.847176
192.168.1.2,10.0.0.28,6,63448,22,661405,2.278874
192.168.1.19,192.168.1.18,1,16392,27017,659675,4.285016
10.0.0.12,192.168.1.2,1,40952,22,619587,5.663298
192.168.1.10,192.168.1.2,6,58228,22,897841,2.741334
192.168.1.42,192.168.1.43,17,49092,3306,757381,7.465679
192.168.1.21,172.16.0.18,17,23718,53,253454,1.818862
10.0.0.16,192.168.1.12,1,28274,27017,565038,0.453985
10.0.0.24,10.0.0.25,1,20296,80,498429,2.39866
10.0.0.12,192.168.1.25,1,12955,443,828341,6.775202
192.168.1.37,10.0.0.19,1,54318,3306,267598,0.058152
192.168.1.43,192.168.1.42,17,37430,27017,698049,6.994971
10.0.0.5,192.168.1.49,6,23197,21,442080,4.951482
192.168.1.24,10.0.0.16,6,10753,443,892242,3.241466
172.16.0.16,10.0.0.27,1,43295,27017,95432,5.814024
192.168.1.45,192.168.1.35,17,56151,443,745139,5.883509
10.0.0.30,172.16.0.16,1,48757,8080,602808,0.347138
10.0.0.7,172.16.0.17,1,24707,8080,365683,3.111632
10.0.0.1,192.168.1.15,1,21073,8080,736668,0.876477
10.0.0.23,192.168.1.35,6,12378,27017,525906,1.98703
10.0.0.16,10.0.0.10,1,13638,8080,738988,1.438656
192.168.1.29,10.0.0.4,17,57363,53,708384,1.15956
10.0.0.16,10.0.0.10,6,13627,443,831386,0.687537
10.0.0.17,192.168.1.2,6,54382,3306,76607,9.059226
192.168.1.35,10.0.0.26,6,20083,53,579115,8.077487
10.0.0.24,10.0.0.9,17,48356,80,33635,5.604337
172.16.0.12,192.168.1.34,17,63918,27017,482949,5.966868
10.0.0.22,172.16.0.9,1,13916,22,295249,5.587514
10.0.0.3,192.168.1.9,6,32415,80,550072,3.198912
192.168.1.46,192.168.1.49,6,23045,443,759997,3.254843
172.16.0.19,172.16.0.4,17,16964,53,847553,4.918276
192.168.1.46,192.168.1.27,17,13064,3306,704598,1.575763
192.168.1.26,10.0.0.17,17,22152,80,717021,8.355336
10.0.0.11,192.168.1.34,6,28214,22,807790,9.496591
192.168.1.8,172.16.0.5,1,18757,8080,949685,8.805632
192.168.1.43,10.0.0.18,6,38787,21,697591,9.199713
192.168.1.45,172.16.0.14,17,37256,53,807082,3.271256
192.168.1.22,192.168.1.13,17,64475,27017,589566,2.874196
192.168.1.27,192.168.1.9,1,34509,80,216547,8.649848
10.0.0.14,192.168.1.34,1,10940,22,585441,4.570464
192.168.1.50,192.168.1.26,1,52447,80,881978,7.572477
192.168.1.13,10.0.0.1,17,37518,53,162280,3.803884
10.0.0.21,10.0.0.9,6,27558,80,871459,2.771367
192.168.1.12,192.168.1.27,1,13356,22,487306,6.230037
172.16.0.9,10.0.0.16,17,44960,3306,651133,0.010235
192.168.1.25,192.168.1.10,6,13296,21,416754,1.849398
172.16.0.9,192.168.1.9,6,11720,443,200791,6.801086
10.0.0.30,172.16.0.16,6,11843,443,586809,4.35489
10.0.0.28,10.0.0.30,1,13531,21,989697,8.781532
192.168.1.36,172.16.0.6,6,44802,3306,529978,2.747595
172.16.0.2,192.168.1.3,6,14091,80,228140,3.466849
192.168.1.45,172.16.0.3,17,32709,21,716378,6.235991
192.168.1.25,10.0.0.5,17,63926,53,525249,8.17867
172.16.0.14,192.168.1.26,6,14680,3306,230121,6.321734
10.0.0.15,192.168.1.12,1,28450,53,35508,3.703187
10.0.0.21,10.0.0.29,17,13365,3306,599897,2.988855
192.168.1.7,172.16.0.4,1,43531,53,284108,5.088622
192.168.1.10,192.168.1.42,6,24236,3306,813392,1.002836
192.168.1.26,192.168.1.29,1,64214,53,327660,7.031841
192.168.1.50,192.168.1.38,17,50809,443,955220,0.284551
10.0.0.21,172.16.0.15,17,36138,80,58171,2.713798
192.168.1.33,10.0.0.5,17,17375,22,212195,5.659048
192.168.1.9,192.168.1.19,17,23534,27017,419962,9.707267
172.16.0.11,10.0.0.5,17,26248,27017,89684,0.186884
10.0.0.25,192.168.1.3,6,28834,53,243625,2.116101
10.0.0.20,10.0.0.7,17,12950,443,846755,1.606234
192.168.1.6,192.168.1.20,17,18418,8080,372717,8.558213
192.168.1.31,10.0.0.26,6,62541,22,252232,4.903608
192.168.1.24,192.168.1.7,17,23300,80,833149,2.571866
192.168.1.30,10.0.0.20,1,59901,8080,892860,9.33073
192.168.1.20,172.16.0.16,6,13440,443,106503,4.811529
172.16.0.8,172.16.0.1,17,51824,8080,597138,8.705834
192.168.1.3,10.0.0.15,6,28468,27017,653860,8.305891
192.168.1.18,10.0.0.30,1,47635,21,975297,5.475925
192.168.1.27,172.16.0.8,1,23887,27017,395300,6.578326
192.168.1.24,172.16.0.17,6,48421,443,858815,4.354716
192.168.1.7,192.168.1.35,17,33543,3306,114945,0.083602
10.0.0.8,192.168.1.12,6,41028,27017,103540,3.657205
192.168.1.12,192.168.1.30,6,14007,27017,874759,3.905795
192.168.1.47,192.168.1.5,1,29825,80,427065,5.750772
10.0.0.19,10.0.0.16,1,31592,80,532629,7.603622
192.168.1.42,192.168.1.6,6,63633,21,57509,9.328623
192.168.1.17,192.168.1.7,17,60080,27017,469149,8.754173
10.0.0.4,172.16.0.12,17,55586,443,534157,6.259957
192.168.1.1,192.168.1.10,6,41123,8080,842355,5.644811
10.0.0.7,192.168.1.46,1,48413,443,24226,3.439414
192.168.1.17,192.168.1.29,17,62221,443,518409,0.60479
172.16.0.6,172.16.0.17,1,52509,53,340085,0.891573
192.168.1.36,10.0.0.2,17,20679,22,670320,9.22748
10.0.0.4,192.168.1.26,6,17712,27017,315697,9.868447
10.0.0.21,192.168.1.23,6,48300,27017,98152,5.494324
192.168.1.9,10.0.0.11,1,62180,3306,559280,5.895711
192.168.1.4,192.168.1.25,1,51304,8080,933208,7.720575
192.168.1.39,172.16.0.18,1,34561,80,690868,6.907039
172.16.0.20,10.0.0.5,1,47422,53,274838,3.253659
192.168.1.17,192.168.1.10,17,65385,21,756831,4.423112
10.0.0.9,192.168.1.12,6,37792,443,213793,2.229444
192.168.1.21,172.16.0.13,17,35561,27017,319012,4.213608
192.168.1.26,192.168.1.24,17,56321,27017,963200,7.647123
192.168.1.34,192.168.1.27,6,39188,21,613107,5.618755
10.0.0.11,192.168.1.46,1,13557,53,659286,0.748404
192.168.1.27,192.168.1.1,1,20231,53,872649,0.067947
172.16.0.5,10.0.0.28,17,51952,80,441528,5.212586
192.168.1.25,10.0.0.29,6,46010,21,833804,5.040709
10.0.0.3,172.16.0.12,17,58330,8080,393989,6.022351
172.16.0.5,10.0.0.2,6,36988,22,745965,7.530949
192.168.1.14,192.168.1.36,17,50748,27017,278570,5.638501
192.168.1.13,172.16.0.8,6,17546,22,308095,3.113512
10.0.0.17,192.168.1.48,1,45988,8080,448114,1.641897
192.168.1.42,192.168.1.2,17,40421,27017,877875,2.155374
172.16.0.20,192.168.1.7,6,29920,22,487122,8.39019
192.168.1.17,192.168.1.29,17,49309,80,907663,0.532237
192.168.1.29,10.0.0.3,6,50417,53,903691,1.325893
192.168.1.35,192.168.1.13,17,62751,53,119343,7.901001
192.168.1.26,192.168.1.24,1,39992,21,306281,6.363812
192.168.1.45,10.0.0.8,6,38271,21,873663,8.582229
10.0.0.30,192.168.1.3,17,48127,21,433727,0.373605
192.168.1.49,10.0.0.6,17,21686,22,802240,1.708498
10.0.0.9,192.168.1.50,1,58878,53,354783,4.88068
10.0.0.2,172.16.0.15,6,40868,27017,892544,5.771536
192.168.1.16,192.168.1.46,6,20420,443,927954,3.84506
192.168.1.45,172.16.0.6,17,55214,8080,453850,0.268651
172.16.0.1,10.0.0.6,6,45046,21,619463,0.080548
10.0.0.17,192.168.1.13,6,50694,443,150497,1.057084
10.0.0.19,10.0.0.15,17,37360,53,60308,5.633489
192.168.1.39,192.168.1.38,17,56893,8080,598272,3.633391
192.168.1.3,192.168.1.29,17,47725,27017,563092,4.01268
10.0.0.13,192.168.1.27,1,28506,53,390117,0.956749
172.16.0.7,192.168.1.36,6,12676,27017,491044,6.963454
192.168.1.9,10.0.0.29,6,27781,80,125773,4.79628
192.168.1.37,192.168.1.35,1,56629,21,187008,3.778345
10.0.0.16,192.168.1.28,1,46661,443,171328,7.816528
192.168.1.22,192.168.1.10,17,14682,80,673207,1.136626
192.168.1.40,192.168.1.33,1,43011,21,879877,1.090647
192.168.1.18,192.168.1.42,17,46387,443,946894,8.64337
192.168.1.8,192.168.1.35,6,64495,53,678648,4.251414
192.168.1.50,172.16.0.11,17,46319,3306,800457,5.780432
10.0.0.19,192.168.1.3,17,57292,53,487340,0.322065
192.168.1.20,192.168.1.13,17,41415,53,319094,2.855394
172.16.0.2,10.0.0.14,6,63933,3306,719064,3.096287
172.16.0.3,192.168.1.49,6,21464,27017,240680,9.856463
192.168.1.16,192.168.1.28,1,10782,53,388201,7.640896
192.168.1.26,172.16.0.5,1,38080,22,310119,3.94302
192.168.1.6,192.168.1.10,17,46148,80,958568,9.638051
192.168.1.14,192.168.1.22,17,16159,80,711856,3.663863
10.0.0.27,192.168.1.4,6,20302,27017,646690,2.567576
172.16.0.3,172.16.0.15,17,53133,80,916548,8.250309
10.0.0.2,172.16.0.13,17,35000,443,459578,1.616657
192.168.1.18,172.16.0.16,1,59209,8080,857313,1.950531
192.168.1.29,10.0.0.28,1,35285,21,451628,8.774844
172.16.0.10,10.0.0.12,17,22051,27017,48179,9.533503
10.0.0.14,10.0.0.29,1,22572,22,359885,6.879608
10.0.0.24,192.168.1.24,17,25220,80,88638,2.395253
192.168.1.44,10.0.0.21,1,34494,80,923356,1.121616
192.168.1.37,192.168.1.35,17,49837,53,162048,0.087644
192.168.1.29,172.16.0.16,6,39217,8080,573069,7.042916
192.168.1.8,10.0.0.25,17,44913,80,321174,9.277356
192.168.1.32,192.168.1.19,6,51182,8080,809159,2.88527
192.168.1.27,10.0.0.12,6,44709,21,907452,2.191402
10.0.0.9,192.168.1.48,6,13178,22,638177,5.18503
192.168.1.15,192.168.1.25,6,40904,3306,5980,6.293073
10.0.0.27,172.16.0.8,17,55307,443,769357,5.444891
192.168.1.8,192.168.1.23,1,22598,443,395431,1.784979
10.0.0.12,192.168.1.8,6,64481,443,158004,8.947714
192.168.1.20,192.168.1.8,1,43227,21,212855,9.809085
192.168.1.8,192.168.1.4,17,26153,21,175994,1.096718
172.16.0.6,192.168.1.14,6,58094,27017,128319,5.94611
192.168.1.17,192.168.1.43,6,28514,22,433616,8.066343
192.168.1.8,10.0.0.20,6,16435,21,495786,6.258912
10.0.0.17,192.168.1.37,17,63348,22,717271,4.202936
10.0.0.27,10.0.0.25,17,60540,21,111522,9.309621
192.168.1.22,192.168.1.40,1,35527,443,989079,1.291733
192.168.1.23,192.168.1.1,17,13722,3306,355705,8.565519
172.16.0.4,192.168.1.49,17,39650,22,797394,7.194586
192.168.1.31,10.0.0.30,1,12870,22,91473,5.881406
172.16.0.8,10.0.0.27,17,38868,443,224301,7.359676
10.0.0.22,10.0.0.14,6,12849,3306,490516,9.079217
10.0.0.22,10.0.0.12,6,58431,8080,563142,1.445482
192.168.1.4,10.0.0.1,6,27516,443,156843,0.192959
10.0.0.22,172.16.0.1,6,18197,80,704004,2.926883
10.0.0.2,192.168.1.41,1,63304,21,627410,9.255503
192.168.1.42,10.0.0.30,6,28462,53,69024,2.821794
172.16.0.14,10.0.0.1,1,32042,443,935582,1.44855
10.0.0.30,10.0.0.5,1,50075,21,459685,1.186088
192.168.1.30,10.0.0.1,6,16739,8080,341116,4.956972
172.16.0.9,10.0.0.27,6,30342,443,111732,2.26631
192.168.1.47,172.16.0.10,17,36289,80,632096,3.3006
172.16.0.11,10.0.0.1,17,46236,21,77164,9.655532
192.168.1.10,172.16.0.14,17,63265,22,91819,1.444906
10.0.0.20,192.168.1.3,17,44855,8080,738735,4.76552
10.0.0.20,172.16.0.18,17,39515,22,538300,8.730552
10.0.0.21,192.168.1.21,6,11683,3306,964513,7.90858
192.168.1.19,172.16.0.11,6,27467,53,975270,9.523243
192.168.1.14,192.168.1.48,17,43629,22,880524,8.187629
192.168.1.3,192.168.1.8,1,14809,8080,916048,3.602437
192.168.1.44,192.168.1.35,6,26206,27017,53763,5.24203
192.168.1.38,10.0.0.14,6,18007,21,936154,7.617359
10.0.0.15,172.16.0.7,6,50948,22,57192,5.132586
10.0.0.28,172.16.0.7,1,61017,3306,141796,3.532136
10.0.0.30,192.168.1.17,17,47281,21,566273,8.845563
10.0.0.18,10.0.0.12,1,53376,80,855855,4.209755
192.168.1.49,172.16.0.7,1,23390,21,843338,9.497583
10.0.0.30,10.0.0.23,17,43533,22,778682,0.753268
192.168.1.30,172.16.0.12,1,28612,22,567778,3.527155
192.168.1.5,172.16.0.7,6,45007,22,899036,9.873087
10.0.0.17,192.168.1.9,6,64409,27017,463349,8.329761
172.16.0.15,10.0.0.4,6,17831,53,518298,7.893411
192.168.1.32,192.168.1.7,1,28465,80,51308,0.882076
192.168.1.23,192.168.1.3,1,26725,443,200018,1.824996
10.0.0.12,192.168.1.39,1,34508,53,792554,5.560653
10.0.0.6,10.0.0.27,1,47261,8080,573940,5.403551
192.168.1.40,172.16.0.1,1,19857,3306,159734,9.295804
10.0.0.16,192.168.1.8,17,27284,21,694318,3.267251
192.168.1.13,192.168.1.46,17,49634,443,825032,4.024507
192.168.1.10,172.16.0.15,1,56427,22,777309,4.223023
192.168.1.44,10.0.0.19,1,14495,27017,454386,7.560677
192.168.1.18,192.168.1.21,1,20183,3306,305617,2.721422
10.0.0.23,10.0.0.15,6,42403,53,997576,5.521993
172.16.0.12,172.16.0.19,17,55556,53,823878,9.841364
172.16.0.13,10.0.0.23,6,21358,80,916433,7.844337
192.168.1.35,10.0.0.29,17,59789,3306,247252,2.345446
10.0.0.19,172.16.0.3,6,15299,80,969191,0.940191
192.168.1.3,172.16.0.6,6,26508,27017,128673,3.287503
172.16.0.3,10.0.0.3,1,36517,21,254834,1.727847
192.168.1.9,10.0.0.6,17,54284,21,115975,1.196211
172.16.0.5,192.168.1.34,1,13446,443,507822,3.471866
10.0.0.20,192.168.1.4,1,45605,8080,348174,5.624188
192.168.1.14,192.168.1.16,17,45770,22,715887,1.96862
10.0.0.20,192.168.1.41,17,26765,21,687896,8.329958
172.16.0.16,10.0.0.5,1,24599,3306,116120,4.093592
10.0.0.29,192.168.1.33,17,12892,8080,829036,3.128483
172.16.0.4,192.168.1.5,6,56776,80,872737,1.62537
192.168.1.14,10.0.0.17,1,20208,53,718806,7.194021
192.168.1.38,192.168.1.26,17,10591,21,669844,4.401189
192.168.1.30,192.168.1.28,6,26936,443,232317,7.019642
10.0.0.28,10.0.0.30,1,42930,443,857082,8.647869
10.0.0.16,172.16.0.20,17,54493,3306,486947,1.171955
192.168.1.49,192.168.1.45,1,60231,27017,458780,0.65203
192.168.1.37,192.168.1.31,17,14804,8080,367795,1.400069
192.168.1.13,10.0.0.6,1,27674,53,83993,0.151112
10.0.0.12,172.16.0.3,6,57190,80,137553,6.128059
192.168.1.23,172.16.0.13,17,12671,22,988670,7.345819
10.0.0.21,192.168.1.10,1,31375,27017,520177,3.062105
10.0.0.25,10.0.0.27,17,60036,21,727502,8.079657
10.0.0.11,10.0.0.5,1,50730,443,277620,2.962036
192.168.1.19,192.168.1.35,17,17007,3306,339598,1.00418
192.168.1.21,192.168.1.25,17,51664,80,855493,2.959497
172.16.0.4,10.0.0.8,6,29506,80,172951,4.043801
192.168.1.3,192.168.1.9,6,39862,8080,672208,1.623288
10.0.0.4,192.168.1.26,6,21562,22,382840,8.811127
172.16.0.7,192.168.1.44,17,11171,22,577025,9.408815
172.16.0.3,172.16.0.16,6,10256,21,8827,8.731278
192.168.1.27,192.168.1.28,17,25578,21,413998,3.227305
172.16.0.13,10.0.0.23,1,58401,53,905592,9.599434
10.0.0.2,10.0.0.5,6,17081,3306,368535,8.145364
192.168.1.30,10.0.0.14,1,59071,8080,734109,5.805536
10.0.0.29,10.0.0.16,1,46537,27017,345734,0.900468
172.16.0.20,192.168.1.1,17,33396,3306,629102,2.887572
192.168.1.2,172.16.0.7,1,59548,27017,822948,8.746385
10.0.0.7,10.0.0.20,17,40494,21,299631,1.78192
192.168.1.47,10.0.0.2,17,53925,8080,174211,1.990952
10.0.0.11,192.168.1.46,17,44167,22,159801,7.69678
192.168.1.4,192.168.1.38,6,12252,21,758704,2.336099
192.168.1.22,172.16.0.9,17,14309,80,271113,9.930374
10.0.0.20,10.0.0.18,1,11245,53,477473,2.368458
10.0.0.24,192.168.1.48,6,49954,53,293186,5.495302
172.16.0.5,192.168.1.15,17,60915,443,645674,4.478538
10.0.0.20,10.0.0.11,1,30352,21,116081,7.706242
192.168.1.42,10.0.0.24,1,46250,80,266546,1.055637
10.0.0.1,172.16.0.9,1,57544,53,366472,0.463747
172.16.0.5,172.16.0.8,17,52251,22,965146,3.924175
172.16.0.17,192.168.1.34,17,34240,443,139138,1.203934
192.168.1.24,192.168.1.5,1,33652,8080,790451,9.145458
192.168.1.22,192.168.1.46,1,39929,3306,12224,6.763558
172.16.0.10,10.0.0.25,17,32211,80,706100,7.16706
192.168.1.33,192.168.1.40,1,64489,80,479830,3.459559
192.168.1.32,192.168.1.33,1,53881,443,700516,7.855999
192.168.1.3,10.0.0.5,1,32579,27017,690806,6.564104
172.16.0.9,192.168.1.16,6,26045,27017,344725,8.721351
172.16.0.4,192.168.1.15,1,20070,8080,801893,7.751181
10.0.0.19,192.168.1.35,1,35136,443,381069,3.787764
192.168.1.27,192.168.1.14,6,47630,80,277166,7.841367
192.168.1.48,10.0.0.13,6,52136,53,628804,9.661208
192.168.1.41,172.16.0.11,17,26676,3306,509113,3.265362
192.168.1.5,192.168.1.25,17,46067,8080,202942,6.618829
192.168.1.43,10.0.0.27,1,53169,80,695594,2.517344
192.168.1.45,192.168.1.20,17,62154,3306,283456,7.511284
172.16.0.5,172.16.0.18,6,25641,8080,73647,6.304256
192.168.1.16,192.168.1.11,1,40836,80,210012,9.460426
10.0.0.6,10.0.0.24,17,61035,21,605038,4.47016
192.168.1.30,10.0.0.9,6,32625,443,177300,5.328795
172.16.0.15,172.16.0.5,1,37551,8080,660353,8.623154
172.16.0.19,192.168.1.35,1,41684,3306,468002,7.649994
192.168.1.26,192.168.1.8,1,58559,3306,995119,3.58936
10.0.0.21,192.168.1.2,17,43744,80,892725,8.870156
192.168.1.10,10.0.0.1,1,56355,80,434138,2.762873
192.168.1.22,192.168.1.2,17,20009,443,782271,1.596408
172.16.0.9,10.0.0.20,6,36458,443,182773,1.216131
172.16.0.4,192.168.1.44,1,26523,21,182045,7.754504
172.16.0.6,192.168.1.48,17,16278,53,787822,2.816807
10.0.0.18,172.16.0.4,17,24595,53,697154,9.118133
192.168.1.34,192.168.1.40,17,11133,53,224313,0.727821
10.0.0.23,192.168.1.6,17,50692,80,526094,8.052218
172.16.0.15,192.168.1.11,17,56009,27017,794715,1.868584
192.168.1.35,10.0.0.13,6,15128,8080,982578,6.320557
172.16.0.6,192.168.1.12,17,48892,21,409508,3.247998
192.168.1.32,192.168.1.40,6,60690,21,167004,4.668037
10.0.0.1,10.0.0.6,1,23371,22,97952,0.993437
10.0.0.23,192.168.1.34,17,59524,22,761147,4.699071
10.0.0.21,192.168.1.45,6,59200,3306,586329,7.079904
172.16.0.14,192.168.1.12,1,15567,443,944584,1.46116
10.0.0.3,192.168.1.38,1,14267,53,227239,7.228005
172.16.0.18,192.168.1.35,6,14112,21,302248,7.182243
10.0.0.24,192.168.1.26,17,23550,3306,666886,4.639696
172.16.0.13,192.168.1.43,6,51460,53,787143,0.792025
192.168.1.17,172.16.0.15,6,39089,8080,816802,5.229858
10.0.0.14,192.168.1.1,17,59722,22,977325,1.574084
192.168.1.22,10.0.0.3,6,63765,3306,919508,0.364463
10.0.0.24,172.16.0.12,17,45148,80,236637,9.236205
10.0.0.24,172.16.0.2,1,53689,80,443445,8.231532
192.168.1.1,192.168.1.8,17,51700,27017,468817,1.136853
192.168.1.21,192.168.1.11,17,40949,80,578215,0.411882
192.168.1.18,192.168.1.42,17,38137,27017,222773,3.444931
172.16.0.7,172.16.0.3,6,46389,53,67014,4.253698
192.168.1.45,172.16.0.18,6,53816,21,850441,9.222858
192.168.1.33,192.168.1.17,17,12727,3306,108832,4.095623
192.168.1.21,10.0.0.10,17,13356,443,463077,3.296747
10.0.0.22,192.168.1.8,17,59412,53,968021,3.146433
192.168.1.18,192.168.1.2,17,45371,53,204024,4.797791
192.168.1.42,192.168.1.14,17,50156,21,545825,7.065758
192.168.1.22,192.168.1.40,17,47932,443,880636,9.36742
192.168.1.35,192.168.1.15,6,14164,21,184508,8.664548
10.0.0.6,172.16.0.1,1,64675,8080,618685,7.860338
10.0.0.2,10.0.0.21,17,61072,3306,183915,5.821745
10.0.0.30,192.168.1.33,6,62777,8080,478309,3.031551
192.168.1.3,10.0.0.7,17,13763,21,47121,4.774682
10.0.0.13,192.168.1.44,17,24082,21,271616,5.596484
172.16.0.10,192.168.1.41,6,38883,22,129389,9.393341
192.168.1.24,10.0.0.1,6,39055,21,263653,7.573895
192.168.1.8,10.0.0.14,17,21343,53,642533,2.139433
10.0.0.27,172.16.0.1,6,35962,21,707941,7.822782
192.168.1.21,192.168.1.14,17,63260,80,883260,3.690288
192.168.1.6,10.0.0.8,1,11766,53,724055,5.002053
172.16.0.6,10.0.0.6,1,31490,443,139996,4.362285
192.168.1.50,192.168.1.45,6,24708,8080,540500,3.542104
172.16.0.5,172.16.0.14,6,62598,443,569960,3.163216
10.0.0.13,10.0.0.22,6,53384,3306,576422,8.276265
192.168.1.24,10.0.0.1,6,21609,3306,864757,9.38763
192.168.1.28,10.0.0.23,6,25352,3306,548004,9.012617
172.16.0.4,192.168.1.50,6,20678,21,176553,9.235319
192.168.1.35,172.16.0.7,17,11440,21,279392,7.395216
192.168.1.32,172.16.0.10,6,22743,22,869026,1.362727
10.0.0.14,10.0.0.5,6,29561,8080,128942,4.295018
192.168.1.50,192.168.1.49,17,13821,21,904646,6.600759
192.168.1.36,192.168.1.47,6,48672,27017,645204,1.777552
10.0.0.8,10.0.0.2,1,29774,22,297237,4.818046
192.168.1.14,172.16.0.4,17,41749,53,353063,0.831796
192.168.1.46,192.168.1.48,6,57240,80,513711,8.730883
172.16.0.14,172.16.0.3,6,55722,443,117135,7.185932
10.0.0.26,192.168.1.33,17,65248,22,735353,9.860178
192.168.1.18,172.16.0.10,6,41903,22,160506,4.923433
172.16.0.15,10.0.0.7,17,63131,8080,500134,2.294542
192.168.1.13,192.168.1.35,17,42784,443,403097,6.977931
192.168.1.18,192.168.1.38,17,14577,53,700244,4.261622
10.0.0.5,192.168.1.20,1,16141,27017,970872,4.130474
172.16.0.15,192.168.1.33,6,35738,21,276724,9.113819
192.168.1.39,192.168.1.35,17,56868,80,21280,1.428342
10.0.0.27,172.16.0.18,6,28295,22,172163,2.815212
172.16.0.17,192.168.1.21,1,53431,3306,969996,7.868605
192.168.1.41,192.168.1.36,17,61334,443,589921,1.946176
10.0.0.28,10.0.0.14,1,36363,80,667706,7.151339
10.0.0.21,192.168.1.38,17,60092,3306,710637,2.183106
10.0.0.20,192.168.1.39,1,65096,27017,702502,8.01895
172.16.0.8,192.168.1.37,1,50866,22,453003,7.345959
172.16.0.20,10.0.0.4,1,10604,3306,127735,0.96038
10.0.0.24,192.168.1.24,1,42537,21,251103,5.090922
192.168.1.1,192.168.1.11,6,16319,27017,932810,5.474087
10.0.0.25,10.0.0.28,1,56359,21,767506,0.753311
192.168.1.27,192.168.1.34,17,24235,21,477651,4.913659
192.168.1.6,10.0.0.10,1,65281,80,28209,6.427324
192.168.1.26,172.16.0.15,17,25599,443,184865,6.504027
192.168.1.20,192.168.1.36,1,45107,443,215360,1.4566
192.168.1.26,192.168.1.33,6,51770,53,185042,5.564495
10.0.0.22,10.0.0.13,6,56410,22,869444,8.668754
192.168.1.18,192.168.1.42,1,12203,80,326580,6.583915
10.0.0.13,192.168.1.50,6,61244,22,100305,4.132474
172.16.0.3,10.0.0.26,17,16177,53,401495,7.550748
192.168.1.35,192.168.1.15,1,62545,80,232543,8.765732
10.0.0.6,192.168.1.45,6,34899,53,796989,5.243432
192.168.1.41,192.168.1.27,1,57421,53,999521,2.264631
10.0.0.26,192.168.1.5,17,40530,8080,35761,4.951566
192.168.1.25,192.168.1.15,6,12149,443,252598,4.190163
192.168.1.21,10.0.0.18,17,35840,8080,737654,6.907059
192.168.1.41,10.0.0.4,17,13575,27017,977131,6.792641
192.168.1.20,172.16.0.11,17,53284,443,329804,6.17984
192.168.1.16,192.168.1.3,1,43924,3306,40438,3.100948
10.0.0.18,172.16.0.7,17,38033,53,273699,7.930695
192.168.1.45,172.16.0.10,1,57142,443,668756,6.797446
10.0.0.21,172.16.0.18,6,55863,53,150085,9.992991
172.16.0.9,10.0.0.17,1,61661,27017,879202,5.891982
192.168.1.15,172.16.0.13,1,54465,22,600181,4.125138
192.168.1.8,10.0.0.11,1,17585,8080,933476,4.047045
10.0.0.13,10.0.0.4,1,36567,3306,313747,0.737345
192.168.1.12,192.168.1.38,1,54012,22,459523,6.533255
10.0.0.5,10.0.0.22,6,23471,8080,332995,6.158948
172.16.0.18,10.0.0.25,17,27872,443,242277,0.297482
172.16.0.1,192.168.1.5,17,25333,27017,150722,8.110797
192.168.1.16,192.168.1.45,6,17556,53,184881,5.150678
192.168.1.34,10.0.0.15,1,40776,3306,144769,1.841204
192.168.1.13,10.0.0.27,6,48375,21,475189,3.643582
192.168.1.37,192.168.1.12,1,21984,22,105003,7.080208
10.0.0.10,192.168.1.10,1,59596,27017,758824,1.400543
10.0.0.22,192.168.1.50,1,27460,22,427691,4.655581
192.168.1.44,192.168.1.2,6,55188,21,245514,3.649085
192.168.1.38,192.168.1.22,6,32394,443,512470,8.354104
172.16.0.3,192.168.1.16,1,32341,53,293737,2.373009
10.0.0.1,192.168.1.15,1,17502,8080,516425,6.594243
10.0.0.24,10.0.0.17,6,39381,53,369034,9.295989
10.0.0.21,10.0.0.26,1,44102,22,614302,2.336103
10.0.0.29,192.168.1.16,6,33554,53,966296,9.202531
172.16.0.17,192.168.1.21,17,53485,22,225685,2.67126
10.0.0.18,192.168.1.35,17,44263,443,214615,3.763381
172.16.0.18,10.0.0.8,1,11128,53,433715,8.611964
192.168.1.7,10.0.0.16,17,22250,27017,737959,8.58635
10.0.0.12,10.0.0.17,1,60580,22,769591,9.276785
192.168.1.40,192.168.1.25,17,10886,53,500360,3.199573
172.16.0.5,192.168.1.44,6,47404,443,864116,9.876533
172.16.0.12,10.0.0.26,6,64865,80,669624,0.333092
192.168.1.30,10.0.0.11,17,56661,8080,144633,6.43408
10.0.0.24,192.168.1.24,17,58069,80,462474,1.136636
192.168.1.34,192.168.1.45,6,57209,8080,313056,3.419017
192.168.1.4,192.168.1.14,17,46793,53,550848,0.505006
172.16.0.17,10.0.0.24,6,10929,22,848215,5.325961
192.168.1.25,192.168.1.13,6,43576,22,257135,3.54984
172.16.0.1,192.168.1.19,17,34736,3306,121183,8.715886
192.168.1.45,10.0.0.8,17,48246,8080,343914,5.744702
192.168.1.35,192.168.1.34,6,22714,80,935355,1.375205
10.0.0.18,10.0.0.11,6,50790,27017,971888,7.232907
10.0.0.28,192.168.1.32,1,54114,80,964980,1.698634
10.0.0.2,192.168.1.50,1,24527,22,944457,1.626496
192.168.1.39,10.0.0.19,6,35587,443,452654,6.376966
10.0.0.14,10.0.0.13,1,42914,53,645151,8.9172
192.168.1.33,10.0.0.8,17,19906,3306,159642,9.36508
10.0.0.24,192.168.1.38,1,53822,53,871619,7.952295
192.168.1.29,10.0.0.25,17,27929,21,115308,4.076808
10.0.0.7,192.168.1.22,17,12506,443,160397,6.58921
172.16.0.8,192.168.1.42,17,34604,443,693403,3.233848
192.168.1.33,192.168.1.28,17,19465,8080,421041,6.827224
192.168.1.2,10.0.0.13,6,54261,53,722863,6.756793
172.16.0.19,192.168.1.46,17,53353,3306,240176,5.246947
172.16.0.15,10.0.0.20,6,12898,3306,132630,9.231288
172.16.0.18,10.0.0.29,17,64550,3306,545697,8.078704
192.168.1.49,192.168.1.16,17,46005,80,622962,3.594335
192.168.1.16,10.0.0.29,6,57482,80,463228,4.758245
192.168.1.11,10.0.0.8,1,27863,27017,333935,0.87095
172.16.0.3,10.0.0.13,17,59185,53,463923,0.448135
192.168.1.40,10.0.0.27,6,37720,443,969439,4.912423
172.16.0.9,10.0.0.18,6,51125,80,807957,3.704644
172.16.0.20,192.168.1.48,6,53159,443,672406,5.237771
192.168.1.22,192.168.1.8,17,21446,22,433480,2.295291
172.16.0.16,10.0.0.29,6,18298,21,364992,0.507967
192.168.1.46,10.0.0.10,17,50281,27017,214462,7.894956
172.16.0.2,192.168.1.8,6,48241,80,688095,8.695005
192.168.1.16,192.168.1.6,1,46392,22,781724,6.176487
192.168.1.32,192.168.1.34,1,57199,8080,244145,1.439772
192.168.1.46,192.168.1.47,17,40814,53,515585,6.382593
192.168.1.7,10.0.0.11,1,23471,80,365780,2.895239
10.0.0.12,10.0.0.1,17,52939,3306,690319,4.730272
10.0.0.27,10.0.0.8,17,15670,21,445959,0.966367
172.16.0.20,10.0.0.22,1,61322,27017,933463,6.30775
192.168.1.5,10.0.0.17,17,16058,3306,438023,9.730556
172.16.0.9,172.16.0.13,17,62384,80,320380,9.531044
172.16.0.17,192.168.1.21,1,22288,3306,54958,4.335873
192.168.1.16,172.16.0.5,6,12882,22,375345,5.620869
172.16.0.2,172.16.0.5,6,53878,80,289676,5.664392
172.16.0.3,192.168.1.24,6,46675,80,949630,4.914195
192.168.1.9,192.168.1.13,6,18770,22,32046,1.665469
192.168.1.19,10.0.0.7,1,60274,3306,487371,7.175497
10.0.0.16,172.16.0.4,17,25189,22,994866,0.719856
10.0.0.15,192.168.1.3,17,61580,3306,660189,9.558981
172.16.0.20,10.0.0.8,17,40233,443,846287,0.829043
192.168.1.37,192.168.1.29,1,30334,22,334893,8.10467
10.0.0.16,10.0.0.9,1,62306,80,107705,4.890321
172.16.0.6,192.168.1.42,6,62098,27017,687353,7.832577
192.168.1.5,192.168.1.6,1,41126,3306,526578,0.094249
192.168.1.21,192.168.1.34,17,57677,443,655137,0.548844
172.16.0.15,10.0.0.18,1,20584,8080,286572,7.070753
10.0.0.1,192.168.1.48,1,53337,8080,155042,4.962652
10.0.0.24,10.0.0.22,6,51417,3306,906570,8.08272
10.0.0.24,10.0.0.19,6,35184,80,806762,0.440919
192.168.1.13,172.16.0.14,6,53292,80,747880,4.426971
192.168.1.22,10.0.0.6,1,13315,27017,419747,1.225414
10.0.0.12,10.0.0.16,1,44057,27017,94034,4.590653
10.0.0.14,192.168.1.48,17,54531,53,664008,8.161102
172.16.0.11,192.168.1.14,17,58247,53,518021,6.713887
172.16.0.19,172.16.0.16,1,42189,22,12756,2.705455
10.0.0.10,10.0.0.7,6,12381,27017,344768,3.325208
192.168.1.48,10.0.0.1,17,47402,21,634602,7.745797
192.168.1.30,192.168.1.6,17,31907,21,977953,3.755599
192.168.1.46,10.0.0.16,17,65532,53,106833,8.103118
172.16.0.6,192.168.1.1,17,35468,53,893049,0.725422
192.168.1.24,10.0.0.19,1,23748,21,219716,2.424575
192.168.1.31,192.168.1.39,1,65528,3306,652195,4.380062
10.0.0.9,172.16.0.7,1,32076,22,998349,3.750079
192.168.1.9,192.168.1.16,6,49077,443,105624,4.323147
192.168.1.30,192.168.1.34,17,27537,53,138084,9.05151
192.168.1.10,192.168.1.23,6,55356,22,255072,2.740568
172.16.0.13,192.168.1.20,17,18171,27017,620373,9.407599
192.168.1.17,192.168.1.48,1,54807,8080,311154,7.225949
192.168.1.9,192.168.1.30,1,45095,27017,149102,9.454497
172.16.0.14,172.16.0.20,17,44767,3306,388577,6.267108
192.168.1.10,10.0.0.23,17,43216,53,729806,8.75369
10.0.0.5,10.0.0.7,17,47594,22,658907,0.671258
192.168.1.50,172.16.0.13,1,49778,27017,291899,9.658941
192.168.1.28,172.16.0.8,6,54398,21,74841,7.988677
192.168.1.31,192.168.1.38,17,63555,22,670922,4.043751
192.168.1.45,10.0.0.9,6,28370,22,183555,9.656873
192.168.1.10,192.168.1.30,17,26517,8080,289127,6.708699
172.16.0.5,10.0.0.4,1,63729,8080,775644,7.31602
192.168.1.26,172.16.0.13,6,37205,80,751418,1.792329
172.16.0.20,192.168.1.11,17,12653,80,11032,1.064909
172.16.0.20,192.168.1.32,17,33047,22,268777,0.102211
192.168.1.33,192.168.1.22,17,35844,3306,682928,3.139116
192.168.1.38,192.168.1.43,6,54665,27017,290611,5.611464
192.168.1.44,192.168.1.5,17,45983,22,329341,5.210023
10.0.0.12,10.0.0.28,17,31427,27017,859178,2.865897
172.16.0.13,172.16.0.20,17,59646,80,378160,6.039487
10.0.0.23,192.168.1.38,1,43488,27017,963246,7.713368
172.16.0.17,10.0.0.9,6,40629,80,995916,6.135725
192.168.1.15,10.0.0.7,1,14230,27017,958198,3.659674
192.168.1.15,10.0.0.12,6,30892,3306,992846,3.611408
10.0.0.13,10.0.0.2,6,54868,53,254834,1.128983
10.0.0.30,172.16.0.6,1,28430,8080,449423,3.886654
10.0.0.8,172.16.0.13,1,30109,8080,764022,8.992069
192.168.1.26,10.0.0.4,6,37074,80,468757,9.307539
172.16.0.9,192.168.1.30,1,13885,27017,131729,2.437352
10.0.0.26,192.168.1.27,17,35715,3306,607814,7.664049
192.168.1.26,192.168.1.46,1,62138,443,11543,1.527003
192.168.1.47,172.16.0.4,1,14979,8080,893457,7.458111
10.0.0.10,172.16.0.6,6,11722,80,688295,9.938189
172.16.0.18,10.0.0.26,1,17928,53,926998,6.172856
10.0.0.18,10.0.0.15,1,18189,443,668921,6.963852
192.168.1.44,192.168.1.35,17,43103,21,430000,4.069295
192.168.1.3,10.0.0.30,17,51506,443,319068,7.174312
172.16.0.13,192.168.1.16,17,42084,80,854860,4.755186
192.168.1.6,192.168.1.36,1,59384,21,50018,4.008958
192.168.1.28,192.168.1.49,17,47552,80,194074,9.003785
192.168.1.7,10.0.0.15,1,10893,443,879266,2.951217
192.168.1.6,10.0.0.26,17,53253,21,332163,2.393746
192.168.1.50,172.16.0.7,1,13312,3306,659955,7.725076
10.0.0.23,192.168.1.31,1,56236,3306,81419,3.954877
192.168.1.29,192.168.1.48,17,56476,8080,86619,4.855485
192.168.1.19,192.168.1.24,1,26774,53,891246,6.091493
10.0.0.13,10.0.0.17,17,55429,53,855833,7.729342
10.0.0.8,10.0.0.5,17,51699,443,750405,8.636258
192.168.1.29,192.168.1.26,6,56902,80,809087,2.403565
10.0.0.25,172.16.0.20,6,10484,53,620230,9.45367
192.168.1.15,192.168.1.27,6,38238,53,750813,5.446473
10.0.0.8,172.16.0.4,17,11603,80,512894,9.827275
192.168.1.11,192.168.1.17,1,55261,27017,916389,9.751476
192.168.1.50,172.16.0.2,6,32708,8080,746494,3.043618
172.16.0.11,192.168.1.50,17,63726,3306,702615,0.86659
10.0.0.2,10.0.0.16,1,64004,80,110505,1.230208
10.0.0.23,192.168.1.37,17,37624,22,447367,7.588411
192.168.1.23,172.16.0.17,17,37813,3306,795144,0.082609
172.16.0.9,192.168.1.31,17,26799,3306,459621,4.46673
172.16.0.4,192.168.1.27,1,21695,8080,733126,5.515649
192.168.1.46,192.168.1.2,1,18464,3306,698802,9.079701
192.168.1.47,192.168.1.32,17,38321,53,454065,1.613456
192.168.1.21,10.0.0.2,6,64133,21,366696,1.202231
192.168.1.38,172.16.0.2,1,42731,80,815270,3.492243
192.168.1.16,172.16.0.14,6,47983,22,373468,8.237001
192.168.1.41,192.168.1.5,17,53604,22,539269,0.887998
172.16.0.2,192.168.1.8,6,12874,27017,17470,3.63567
172.16.0.14,10.0.0.28,17,53489,53,100177,7.8728
172.16.0.8,10.0.0.30,1,41365,3306,308200,6.727505
192.168.1.47,192.168.1.11,6,50825,80,810458,9.733177
172.16.0.2,10.0.0.1,17,60528,80,269709,3.494587
192.168.1.42,10.0.0.1,17,41597,27017,734264,2.840672
10.0.0.18,192.168.1.48,1,53894,3306,279722,6.45188
10.0.0.19,10.0.0.6,17,38035,80,157223,1.759073
192.168.1.35,192.168.1.24,17,14666,80,415039,2.245659
10.0.0.8,10.0.0.4,6,15398,8080,872067,5.628372
10.0.0.10,192.168.1.35,17,47357,8080,605211,4.965072
192.168.1.28,192.168.1.23,1,55047,443,657697,5.784947
192.168.1.48,10.0.0.24,1,29881,27017,289659,2.598974
10.0.0.12,10.0.0.9,1,28241,80,9284,1.547819
172.16.0.20,192.168.1.42,1,63060,3306,121589,5.530981
172.16.0.5,172.16.0.2,17,44340,3306,250525,5.670354
10.0.0.22,192.168.1.34,17,12528,27017,923454,9.503519
192.168.1.45,192.168.1.48,17,62487,27017,301298,9.087207
192.168.1.7,192.168.1.38,6,34554,80,997967,4.847718
172.16.0.8,10.0.0.26,6,62401,8080,256623,4.554042
192.168.1.8,192.168.1.41,6,29453,21,534431,5.047215
192.168.1.10,172.16.0.19,6,51529,21,855904,3.490076
10.0.0.27,192.168.1.1,6,35585,443,869158,4.403892
192.168.1.16,192.168.1.21,17,24823,22,68224,5.319505
10.0.0.15,192.168.1.25,1,42398,3306,874076,7.199749
172.16.0.20,192.168.1.31,6,38056,80,887676,8.716246
192.168.1.14,192.168.1.6,6,39966,8080,995501,0.109923
192.168.1.7,192.168.1.31,17,11456,443,808194,6.525221
172.16.0.13,192.168.1.1,17,63790,3306,188595,2.441522
192.168.1.37,192.168.1.24,6,55047,22,707454,6.922401
10.0.0.27,10.0.0.21,1,57076,443,280084,7.377297
192.168.1.47,10.0.0.22,6,29297,53,655239,2.524476
192.168.1.50,10.0.0.10,17,17031,22,408513,6.479167
192.168.1.1,192.168.1.42,1,20371,80,271109,4.372254
192.168.1.42,10.0.0.17,1,10600,27017,845730,0.018973
192.168.1.44,10.0.0.6,1,10590,80,807881,0.179204
172.16.0.8,192.168.1.12,1,25552,21,299684,5.359415
192.168.1.45,10.0.0.19,6,26581,27017,991659,7.558909
192.168.1.11,10.0.0.10,1,42545,21,65173,2.125884
192.168.1.45,172.16.0.20,1,38241,22,928154,8.92422
192.168.1.37,10.0.0.4,1,56602,80,823715,4.303528
172.16.0.9,10.0.0.5,1,65047,27017,432846,0.738178
172.16.0.18,192.168.1.27,1,10900,22,133565,6.167588
192.168.1.33,172.16.0.1,17,13036,22,245690,2.000217
192.168.1.14,192.168.1.41,17,30302,80,362875,7.583356
10.0.0.9,172.16.0.11,17,37840,27017,657358,0.888618
172.16.0.20,172.16.0.14,17,22930,27017,225366,7.613781
172.16.0.5,192.168.1.13,6,31113,80,122657,9.54485
10.0.0.2,172.16.0.17,6,39550,22,104445,3.368111
192.168.1.50,10.0.0.17,17,47377,443,800856,7.052591
192.168.1.36,172.16.0.17,17,57093,53,591305,8.534755
192.168.1.16,192.168.1.34,1,25018,80,84696,9.627875
10.0.0.11,192.168.1.9,17,35975,8080,988872,7.897678
10.0.0.14,172.16.0.3,17,24973,8080,37258,1.152947
192.168.1.38,192.168.1.45,6,43541,53,60225,0.697303
192.168.1.24,10.0.0.7,1,53234,27017,628432,2.210507
192.168.1.8,192.168.1.47,17,46405,8080,290839,1.288863
10.0.0.28,10.0.0.19,1,47143,3306,436383,1.996435
192.168.1.5,192.168.1.11,1,57851,53,341528,1.558787
192.168.1.19,192.168.1.26,6,17953,80,652621,3.153688
10.0.0.1,192.168.1.6,1,22626,80,378052,7.545356
192.168.1.31,10.0.0.20,6,44951,22,336416,2.108452
10.0.0.15,172.16.0.2,6,15483,8080,901036,8.289461
10.0.0.19,192.168.1.27,6,18427,8080,41944,7.778587
172.16.0.20,192.168.1.25,1,28514,443,585301,0.596876
192.168.1.34,192.168.1.14,6,43396,27017,396163,5.493384
192.168.1.9,192.168.1.27,6,19514,21,419777,9.627141
172.16.0.9,192.168.1.46,6,57083,80,269097,5.851121
172.16.0.2,192.168.1.8,17,30161,53,640616,5.9657
192.168.1.47,192.168.1.21,6,53155,53,822035,8.645306
172.16.0.4,192.168.1.48,6,28164,27017,505967,1.700365
10.0.0.13,10.0.0.10,17,25978,8080,624571,6.566471
192.168.1.2,172.16.0.14,6,12230,22,251916,2.540008
10.0.0.23,192.168.1.3,1,18656,3306,150428,3.367103
10.0.0.1,172.16.0.7,1,39617,3306,573372,9.457262
10.0.0.12,10.0.0.22,6,50708,27017,372287,2.934687
192.168.1.49,192.168.1.40,17,34889,8080,542679,9.124258
10.0.0.15,172.16.0.15,6,32939,80,684409,6.858979
192.168.1.17,172.16.0.1,6,36326,8080,518379,9.480525
172.16.0.9,192.168.1.20,17,65187,80,742074,9.088739
192.168.1.27,10.0.0.21,1,21139,3306,335864,6.062458
192.168.1.2,172.16.0.16,6,14725,21,996816,3.365258
192.168.1.38,10.0.0.11,6,25578,27017,873573,3.937934
192.168.1.26,192.168.1.22,17,52783,80,365010,7.407001
192.168.1.29,192.168.1.4,1,42788,443,499872,0.975431
172.16.0.17,172.16.0.15,6,50948,22,776169,6.361388
172.16.0.17,172.16.0.16,1,49249,8080,361393,4.434089
172.16.0.1,192.168.1.3,17,50809,53,747818,0.166529
10.0.0.27,10.0.0.14,1,56803,27017,397891,5.726872
10.0.0.30,10.0.0.29,17,23000,8080,312637,1.009946
192.168.1.35,192.168.1.36,1,34981,8080,476997,6.878312
10.0.0.22,192.168.1.3,1,34783,80,34527,1.785006
192.168.1.3,172.16.0.4,1,19617,443,195409,7.402304
10.0.0.22,192.168.1.37,17,61077,21,514409,9.69197
192.168.1.6,172.16.0.9,1,37710,443,113095,1.685202
172.16.0.11,192.168.1.18,17,35609,22,982378,2.77141
10.0.0.15,10.0.0.18,6,63076,21,804913,7.526306
172.16.0.3,10.0.0.6,6,11137,22,664612,1.716201
192.168.1.41,172.16.0.2,17,31451,21,403760,6.043949
192.168.1.41,192.168.1.38,17,56265,3306,22829,3.143794
172.16.0.3,172.16.0.9,1,27503,80,47684,5.415771
10.0.0.13,172.16.0.3,1,45221,443,262136,1.821795
192.168.1.35,192.168.1.3,1,46728,80,14820,6.658866
192.168.1.16,192.168.1.38,17,65104,443,311723,2.836897
10.0.0.10,192.168.1.36,17,51657,53,822527,4.749714
10.0.0.7,172.16.0.5,1,58393,27017,411455,0.301571
10.0.0.22,10.0.0.17,17,58474,22,922539,2.610628
192.168.1.41,192.168.1.22,17,26284,22,760269,9.078786
192.168.1.3,10.0.0.28,1,39872,22,472963,6.201632
10.0.0.4,10.0.0.2,1,13614,8080,213855,8.72228
10.0.0.23,10.0.0.2,6,24994,8080,839383,0.55331
10.0.0.28,10.0.0.13,1,49870,53,212968,0.870873
172.16.0.11,10.0.0.23,6,61632,3306,744903,9.160004
192.168.1.3,192.168.1.10,1,13591,22,122159,6.460247
192.168.1.39,10.0.0.6,17,41196,21,351046,2.860985
10.0.0.1,192.168.1.41,1,20940,53,759980,5.084808
172.16.0.18,10.0.0.14,17,57975,27017,493344,9.223462
10.0.0.2,172.16.0.2,17,55605,27017,648918,7.922936
10.0.0.21,172.16.0.7,1,28694,27017,23217,1.697987
192.168.1.14,172.16.0.9,17,45480,3306,392496,7.688482
192.168.1.14,10.0.0.2,17,16792,22,529771,7.730286
10.0.0.11,192.168.1.4,6,46887,3306,19513,7.938712
10.0.0.9,192.168.1.36,1,19847,3306,52691,4.363312
192.168.1.4,10.0.0.25,17,48848,8080,600098,3.060646
172.16.0.10,10.0.0.13,17,24591,3306,661363,5.583859
172.16.0.11,192.168.1.50,1,28890,53,131739,7.98758
172.16.0.20,192.168.1.39,17,16570,53,756082,7.019844
192.168.1.22,10.0.0.26,17,51123,80,608082,4.049397
10.0.0.26,172.16.0.3,17,41351,3306,470885,0.251242
10.0.0.27,10.0.0.25,6,35363,21,28975,2.595496
192.168.1.20,10.0.0.18,6,34986,27017,35086,2.940691
172.16.0.11,10.0.0.7,6,51946,8080,171355,5.633955
192.168.1.40,172.16.0.20,1,24592,21,37279,7.962448
192.168.1.11,192.168.1.12,6,26856,3306,209137,8.763939
172.16.0.7,172.16.0.2,17,59026,3306,731890,3.546208
192.168.1.30,192.168.1.40,1,50514,8080,953497,0.299394
192.168.1.9,10.0.0.9,17,28964,21,114393,8.637963
10.0.0.13,192.168.1.16,1,21375,8080,129755,5.570862
192.168.1.50,192.168.1.10,17,10152,53,772313,6.200073
10.0.0.26,10.0.0.16,6,13345,443,791942,2.953914
10.0.0.16,172.16.0.18,17,34568,53,811321,9.556612
192.168.1.1,192.168.1.34,6,22297,8080,921181,9.687581
192.168.1.19,172.16.0.8,17,26047,8080,840940,9.038759
172.16.0.19,172.16.0.8,1,62203,443,876667,0.032239
192.168.1.7,10.0.0.16,17,37837,8080,104305,9.597328
10.0.0.12,192.168.1.10,6,42128,3306,41647,9.319534
192.168.1.47,192.168.1.18,6,33105,21,82260,2.105728
192.168.1.13,172.16.0.14,1,61272,53,504023,8.528945
192.168.1.48,192.168.1.1,1,10903,80,88716,4.008805
10.0.0.26,10.0.0.30,6,27538,3306,901700,6.978157
10.0.0.23,10.0.0.22,6,55200,27017,933080,9.641522
10.0.0.9,192.168.1.47,17,46670,21,287192,7.681298
10.0.0.9,192.168.1.46,17,35142,22,155064,1.090784
10.0.0.5,192.168.1.9,6,20576,21,538235,6.868634
10.0.0.23,172.16.0.4,17,62544,53,385187,2.577452
172.16.0.6,10.0.0.28,1,40606,22,326742,5.754604
172.16.0.8,172.16.0.11,1,49990,53,567936,2.020459
192.168.1.7,192.168.1.22,6,50413,53,597563,6.310073
10.0.0.3,192.168.1.39,1,27469,27017,938080,2.483767
10.0.0.30,192.168.1.5,6,13263,22,526138,1.147172
192.168.1.45,10.0.0.16,1,12115,80,36134,2.234126
192.168.1.26,10.0.0.17,1,43089,443,319471,5.702228
172.16.0.8,10.0.0.1,1,45804,27017,103935,0.436839
10.0.0.13,192.168.1.23,17,19903,443,59602,2.45486
192.168.1.48,172.16.0.18,1,48911,22,815240,1.863057
192.168.1.24,10.0.0.12,17,21811,80,508563,0.129424
10.0.0.24,192.168.1.35,1,10570,80,827658,1.946456
192.168.1.36,192.168.1.27,6,42952,3306,813660,6.696335
192.168.1.12,192.168.1.9,6,18066,3306,418519,6.264705
10.0.0.11,172.16.0.2,6,62270,8080,624813,2.038083
172.16.0.17,172.16.0.9,1,65423,80,786801,1.887124
172.16.0.18,10.0.0.14,17,30204,22,236712,0.811587
192.168.1.50,172.16.0.2,1,50961,22,171630,6.803472
192.168.1.15,192.168.1.36,17,39160,21,348682,6.099051
192.168.1.38,192.168.1.4,6,38201,80,989034,7.797101
172.16.0.19,172.16.0.16,1,41616,3306,623793,4.638287
10.0.0.11,10.0.0.21,1,18296,27017,17333,3.533479
192.168.1.18,10.0.0.30,17,38616,22,813860,1.09862
192.168.1.20,192.168.1.12,17,16675,443,623520,3.133915
10.0.0.6,172.16.0.5,1,62064,21,20373,8.033796
10.0.0.19,10.0.0.5,17,29424,3306,722110,1.996707
10.0.0.16,10.0.0.20,6,58831,27017,346959,5.727334
192.168.1.48,172.16.0.13,1,22279,21,185686,9.756559
192.168.1.32,10.0.0.30,6,48700,443,239889,8.944237
172.16.0.14,10.0.0.5,17,20983,21,246276,6.675886
192.168.1.9,192.168.1.32,1,18013,443,472318,7.170513
192.168.1.14,10.0.0.1,17,47260,443,600413,4.446267
192.168.1.34,192.168.1.22,1,26432,53,845614,5.362771
10.0.0.10,192.168.1.35,1,43235,27017,175850,7.449889
10.0.0.25,192.168.1.32,6,34779,3306,762833,0.759214
172.16.0.7,10.0.0.10,6,24652,80,988021,3.621211
192.168.1.39,192.168.1.26,17,58135,3306,609256,1.445776
192.168.1.49,192.168.1.46,17,26251,27017,191287,3.411195
192.168.1.43,192.168.1.9,17,59680,27017,949675,4.792715
192.168.1.22,10.0.0.10,17,29934,27017,395864,7.0477
10.0.0.9,192.168.1.44,6,63668,3306,557367,2.025075
10.0.0.29,192.168.1.21,6,17755,53,784087,4.301253
192.168.1.27,172.16.0.8,17,40611,3306,405120,6.900578
10.0.0.19,192.168.1.46,6,56969,3306,710791,6.9094
10.0.0.25,172.16.0.12,1,41266,80,828874,8.246653
192.168.1.49,192.168.1.24,6,19323,21,423743,9.035338
192.168.1.20,10.0.0.21,17,49229,443,386858,2.88885
172.16.0.15,192.168.1.43,1,25356,21,82932,3.789552
192.168.1.36,192.168.1.23,6,60920,27017,975068,5.951146
10.0.0.13,172.16.0.7,1,18669,8080,87176,9.568007
172.16.0.7,192.168.1.38,6,64609,8080,857370,4.107111
172.16.0.18,192.168.1.45,1,64371,8080,540487,2.000838
192.168.1.2,10.0.0.2,1,59585,53,772700,5.411881
192.168.1.47,192.168.1.29,6,48135,21,458238,5.445175
192.168.1.37,192.168.1.16,1,48586,80,429948,6.560096
192.168.1.50,192.168.1.42,6,42574,22,451741,0.193123
10.0.0.27,172.16.0.7,17,12259,443,324465,6.537396
192.168.1.15,192.168.1.47,17,32263,443,318663,5.628358
192.168.1.44,172.16.0.12,6,65460,3306,187068,0.111584
10.0.0.21,192.168.1.43,6,59023,80,691113,5.281675
192.168.1.26,192.168.1.25,6,32774,80,666211,5.665697
10.0.0.8,172.16.0.8,1,63986,443,223115,1.165468
172.16.0.10,10.0.0.14,6,20316,53,670830,3.628845
172.16.0.4,192.168.1.19,6,19420,443,242976,9.715925
10.0.0.19,10.0.0.7,6,11837,8080,901412,8.511888
192.168.1.19,172.16.0.3,1,41586,443,969379,4.056513
10.0.0.27,192.168.1.15,17,12698,53,487096,5.698375
192.168.1.32,10.0.0.17,17,61549,80,829851,0.941989
10.0.0.1,10.0.0.24,6,24218,3306,109598,1.01584
172.16.0.4,192.168.1.18,17,17864,443,903468,0.043108
192.168.1.24,192.168.1.35,1,41021,8080,967885,3.799941
10.0.0.12,172.16.0.16,17,46306,27017,201661,4.628363
192.168.1.13,10.0.0.17,6,40628,8080,306084,8.481752
10.0.0.10,192.168.1.18,1,61476,27017,484644,7.29803
192.168.1.7,192.168.1.5,1,51240,53,212928,1.52143
172.16.0.19,172.16.0.11,17,47237,27017,459082,5.617855
172.16.0.20,10.0.0.27,6,16864,80,614568,5.814438
172.16.0.10,192.168.1.19,17,43909,27017,796207,3.239793
192.168.1.18,172.16.0.12,1,19331,27017,63385,4.583443
10.0.0.23,192.168.1.2,17,18029,80,65475,2.644202
10.0.0.21,172.16.0.9,6,56955,80,73489,0.079325
172.16.0.3,192.168.1.13,6,62359,53,244171,3.539131
192.168.1.39,192.168.1.23,17,53832,443,811553,8.429304
192.168.1.33,10.0.0.13,17,61090,27017,353229,5.924174
192.168.1.15,192.168.1.36,6,11425,22,200662,8.098419
192.168.1.10,172.16.0.17,1,35594,3306,553742,8.649724
10.0.0.12,172.16.0.12,1,61153,53,408,7.742145
192.168.1.9,192.168.1.20,6,39297,80,12086,3.762484
10.0.0.11,192.168.1.34,1,34544,443,364274,6.86385
192.168.1.36,10.0.0.7,17,59789,53,835361,5.148965
192.168.1.15,10.0.0.5,17,53929,3306,982639,5.870228
172.16.0.6,192.168.1.50,17,63613,8080,478356,1.684781
10.0.0.30,192.168.1.36,17,48327,21,845180,2.629066
10.0.0.13,192.168.1.39,6,40512,22,800368,3.129371
192.168.1.22,10.0.0.7,17,23041,3306,547358,0.519524
10.0.0.2,10.0.0.14,6,47305,22,584032,7.009424
192.168.1.49,192.168.1.29,17,49873,27017,810017,3.616387
172.16.0.13,10.0.0.5,1,18881,22,542736,3.680667
192.168.1.18,192.168.1.40,1,12370,21,89353,2.95121
192.168.1.32,10.0.0.28,6,53734,53,568763,4.621242
10.0.0.26,10.0.0.3,17,53056,8080,704580,3.512051
192.168.1.43,192.168.1.29,6,47638,3306,213890,2.354136
192.168.1.16,172.16.0.12,1,12026,3306,507443,5.84723
172.16.0.17,10.0.0.12,6,28052,53,133568,2.519009
10.0.0.26,10.0.0.9,6,19762,22,669446,8.929438
192.168.1.16,172.16.0.1,1,61851,22,305236,7.279786
192.168.1.2,192.168.1.25,1,42026,27017,268092,6.202029
10.0.0.6,192.168.1.6,6,43864,8080,156629,7.154514
10.0.0.23,192.168.1.4,17,17901,21,137512,6.14652
192.168.1.5,192.168.1.7,1,19751,443,381403,0.100741
172.16.0.8,192.168.1.26,6,37110,3306,518171,8.082687
10.0.0.10,172.16.0.19,1,50860,53,1224,1.38049
10.0.0.18,10.0.0.25,1,21696,8080,688232,3.233823
10.0.0.12,192.168.1.11,6,40181,21,672656,3.489221
10.0.0.5,172.16.0.13,17,58184,22,964003,8.84627
192.168.1.20,192.168.1.11,1,12159,27017,999074,6.119277
10.0.0.4,10.0.0.19,6,27327,21,304153,3.180801
172.16.0.9,10.0.0.3,1,62788,8080,840752,8.186095
172.16.0.1,10.0.0.13,17,48339,8080,711794,2.024149
10.0.0.25,192.168.1.32,1,11021,22,704038,0.960651
192.168.1.29,172.16.0.13,1,35635,443,722191,8.462106
192.168.1.50,10.0.0.27,1,10051,8080,199878,4.50788
172.16.0.8,172.16.0.9,17,39472,53,186287,0.830216
192.168.1.43,192.168.1.41,17,56075,443,720087,5.61028
192.168.1.7,192.168.1.31,1,21325,3306,716499,6.488518
172.16.0.20,192.168.1.34,1,48555,22,805834,5.588529
10.0.0.24,192.168.1.22,6,45747,22,73472,4.996742
172.16.0.8,192.168.1.34,6,41262,27017,535378,1.350991
192.168.1.50,172.16.0.20,1,43733,443,827949,9.087228
172.16.0.1,10.0.0.26,6,14192,8080,378356,6.842019
10.0.0.8,172.16.0.1,6,31560,443,186787,4.017031
192.168.1.9,10.0.0.28,1,34068,3306,28126,8.437148
10.0.0.23,192.168.1.11,6,50031,53,890885,7.182847
192.168.1.39,192.168.1.45,17,31001,53,511462,4.487554
192.168.1.40,192.168.1.9,1,47473,21,710484,4.33851
192.168.1.16,192.168.1.5,6,55933,80,600828,2.060529
192.168.1.4,192.168.1.30,6,38517,22,82286,0.908086
10.0.0.25,172.16.0.4,1,13287,80,347308,9.622723
192.168.1.12,192.168.1.32,1,39206,3306,529753,4.272514
192.168.1.42,10.0.0.29,17,34273,22,493540,2.922569
192.168.1.37,192.168.1.49,6,59823,22,463834,3.052484
192.168.1.27,172.16.0.15,1,45001,21,814276,7.083253
192.168.1.9,172.16.0.4,1,53735,53,116838,8.991185
192.168.1.7,192.168.1.23,1,13104,53,272830,7.51808
172.16.0.8,192.168.1.19,1,15209,3306,691157,4.441782
192.168.1.14,192.168.1.18,6,35099,22,589349,4.698155
10.0.0.4,192.168.1.35,6,34910,8080,522387,2.848788
10.0.0.30,172.16.0.16,1,27885,53,824784,9.471437
172.16.0.17,192.168.1.10,17,55211,8080,357082,1.523268
172.16.0.3,192.168.1.48,17,36350,21,232740,4.902316
192.168.1.4,172.16.0.17,6,19445,3306,969396,9.909827
192.168.1.4,192.168.1.18,1,24358,8080,387702,4.202277
192.168.1.40,192.168.1.27,17,13028,80,150852,4.75306
192.168.1.7,172.16.0.19,6,35180,3306,751469,5.358717
172.16.0.7,172.16.0.4,1,44800,27017,124490,9.169198
172.16.0.9,172.16.0.17,1,42617,21,535630,2.074433
192.168.1.16,192.168.1.12,1,39606,3306,966699,8.067628
172.16.0.17,172.16.0.10,17,15019,443,567296,3.036452
172.16.0.15,192.168.1.39,1,42553,80,131252,4.02693
192.168.1.4,192.168.1.27,6,25083,8080,212903,1.522751
192.168.1.32,192.168.1.30,6,27684,80,897319,1.511336
172.16.0.6,192.168.1.16,1,42995,3306,348855,6.99357
192.168.1.4,10.0.0.3,17,60140,22,205234,4.235416
10.0.0.22,192.168.1.31,1,34592,27017,639878,2.328762
192.168.1.34,192.168.1.42,6,20994,22,756453,3.184015
10.0.0.9,10.0.0.4,6,14606,22,979472,9.735981
192.168.1.42,10.0.0.29,17,53427,27017,933147,2.816153
10.0.0.11,192.168.1.20,6,19680,80,642186,9.120956
192.168.1.27,10.0.0.15,17,25843,22,350234,7.114415
172.16.0.7,192.168.1.18,6,63729,80,818807,7.957229
192.168.1.2,192.168.1.29,17,46502,80,245773,5.0667
192.168.1.6,192.168.1.48,1,53592,443,77255,5.992751
192.168.1.32,10.0.0.20,17,16685,27017,711257,9.948292
192.168.1.40,10.0.0.2,6,35810,53,411875,5.358794
10.0.0.29,192.168.1.5,6,52701,3306,360539,8.087596
192.168.1.13,192.168.1.37,6,29337,80,903643,9.578131
10.0.0.4,10.0.0.24,1,35634,21,297593,5.860822
172.16.0.3,192.168.1.21,6,56415,3306,381941,1.027351
192.168.1.4,192.168.1.21,17,53219,22,817677,2.588621
192.168.1.21,192.168.1.29,6,62190,27017,796986,5.819752
192.168.1.36,192.168.1.19,1,13123,27017,621125,3.215054
172.16.0.18,172.16.0.12,6,51386,22,433380,0.751852
192.168.1.44,192.168.1.17,1,30041,3306,197304,5.179086
192.168.1.34,192.168.1.21,17,62259,27017,674145,7.975962
10.0.0.6,192.168.1.5,17,52794,53,114140,9.48644
192.168.1.45,172.16.0.14,6,15646,22,274305,4.719749
10.0.0.25,192.168.1.14,1,19681,53,582408,3.848578
172.16.0.19,10.0.0.28,17,56524,80,294055,3.586255
192.168.1.19,172.16.0.15,6,32383,3306,532495,3.603916
172.16.0.7,192.168.1.13,1,59480,8080,250769,0.563258
172.16.0.5,192.168.1.6,1,65171,3306,923145,5.861271
192.168.1.36,10.0.0.12,17,16642,27017,42469,8.886343
172.16.0.14,192.168.1.44,1,63258,22,80673,0.254288
192.168.1.27,192.168.1.38,6,53828,27017,237302,8.250989
192.168.1.39,192.168.1.26,1,64752,22,49582,6.153731
10.0.0.7,192.168.1.35,6,12975,3306,787001,2.610308
192.168.1.1,192.168.1.47,1,15872,21,687314,1.975982
10.0.0.11,192.168.1.34,17,20247,53,478809,4.773663
10.0.0.4,192.168.1.28,1,53145,53,351494,7.187434
192.168.1.36,10.0.0.6,17,55735,53,607672,4.637121
192.168.1.44,10.0.0.22,17,19575,27017,240329,2.097004
172.16.0.12,192.168.1.4,6,39098,443,796834,5.199177
172.16.0.7,10.0.0.17,6,53205,443,381162,17.512666
192.168.1.6,172.16.0.3,6,58836,443,33508,17.562949
172.16.0.6,192.168.1.49,6,46738,443,494027,16.540061
10.0.0.10,10.0.0.8,6,25078,443,37624,28.735281
192.168.1.32,10.0.0.3,6,14429,443,185498,12.968746
192.168.1.1,192.168.1.47,6,44121,443,153805,13.366234
172.16.0.6,172.16.0.17,6,64758,443,427441,15.867403
10.0.0.16,10.0.0.12,6,57528,443,64826,4.584234
192.168.1.20,172.16.0.8,6,16735,443,265097,25.445102
10.0.0.23,192.168.1.31,6,50112,443,35805,27.076732
10.0.0.9,192.168.1.2,6,42296,443,294269,21.884298
172.16.0.4,192.168.1.31,6,20829,443,100298,11.697824
10.0.0.28,10.0.0.15,6,63387,443,244125,25.619351
192.168.1.49,192.168.1.48,6,48392,443,172682,20.818443
172.16.0.16,192.168.1.24,6,10559,443,11317,1.416673
172.16.0.9,10.0.0.14,6,12333,443,349849,3.859671
192.168.1.28,10.0.0.21,6,61456,443,326681,27.730986
10.0.0.4,172.16.0.2,6,16763,443,364739,11.341805
192.168.1.38,192.168.1.6,6,56656,443,30861,4.800291
10.0.0.13,172.16.0.11,6,54855,443,486939,25.220025
172.16.0.15,192.168.1.48,6,22481,443,236926,0.491064
10.0.0.1,172.16.0.11,6,53650,443,149113,9.702683
172.16.0.12,172.16.0.16,6,44878,443,429459,7.382212
172.16.0.18,192.168.1.28,6,52575,443,37404,13.178343
172.16.0.9,10.0.0.11,6,14630,443,410349,24.794912
192.168.1.46,192.168.1.42,6,33830,443,424018,10.855206
10.0.0.13,192.168.1.24,6,20237,443,66835,1.838917
192.168.1.43,10.0.0.9,6,37535,443,14957,19.885415
192.168.1.36,10.0.0.11,6,60859,443,92969,12.891356
172.16.0.8,10.0.0.9,6,44110,443,404951,10.099381
192.168.1.38,172.16.0.16,6,26957,443,143679,7.288753
192.168.1.44,10.0.0.22,6,26679,443,50509,9.552561
10.0.0.4,192.168.1.4,6,43735,443,308511,11.933617
192.168.1.29,172.16.0.13,6,56859,443,23395,29.200883
10.0.0.3,192.168.1.7,6,60749,443,381624,27.897055
192.168.1.3,10.0.0.3,6,26669,443,410926,23.979588
172.16.0.9,192.168.1.30,6,36968,443,425751,0.190949
10.0.0.18,10.0.0.17,6,37618,443,216701,24.838669
192.168.1.12,192.168.1.43,6,47893,443,450818,26.359534
10.0.0.20,10.0.0.30,6,26854,443,432992,18.277931
192.168.1.27,10.0.0.7,6,48171,443,271883,13.861721
192.168.1.25,10.0.0.4,6,47612,443,388012,3.329741
192.168.1.13,192.168.1.40,6,59084,443,405076,14.80634
172.16.0.12,172.16.0.2,6,22625,443,181102,1.962704
10.0.0.16,10.0.0.24,6,55463,443,317298,19.280897
192.168.1.23,10.0.0.22,6,57125,443,36287,11.28684
192.168.1.24,172.16.0.8,6,29477,443,414398,19.11464
10.0.0.13,10.0.0.7,6,18013,443,186269,27.590356
192.168.1.42,192.168.1.33,6,36020,443,47973,28.729587
172.16.0.14,10.0.0.8,6,28228,443,107812,29.754643
192.168.1.45,172.16.0.12,6,36087,443,279383,29.155752
192.168.1.44,192.168.1.22,6,46129,443,44398,13.544054
192.168.1.35,192.168.1.49,6,29147,443,129418,1.30429
10.0.0.30,10.0.0.3,6,42779,443,47894,13.377277
10.0.0.26,192.168.1.44,6,15848,443,353770,16.275926
10.0.0.5,172.16.0.15,6,47322,443,203919,21.442055
192.168.1.26,10.0.0.10,6,51880,443,316524,6.993613
192.168.1.29,10.0.0.20,6,60815,443,176106,24.394651
10.0.0.6,172.16.0.5,6,24553,443,455001,17.581545
192.168.1.29,192.168.1.41,6,64691,443,19960,23.055349
10.0.0.22,192.168.1.31,6,50200,443,6369,16.95334
10.0.0.30,172.16.0.13,6,41896,443,46172,9.518038
172.16.0.5,192.168.1.14,6,17486,443,12871,19.646413
10.0.0.11,192.168.1.24,6,40592,443,161205,12.819101
10.0.0.3,192.168.1.29,6,23867,443,261683,22.649666
10.0.0.17,192.168.1.29,6,12020,443,220702,11.851052
192.168.1.48,10.0.0.25,6,64834,443,47247,27.78098
192.168.1.21,192.168.1.14,6,45497,443,464002,16.75569
10.0.0.21,10.0.0.2,6,45328,443,181754,13.715975
10.0.0.3,10.0.0.16,6,33037,443,112409,19.270879
192.168.1.25,172.16.0.7,6,32708,443,173575,14.571617
10.0.0.10,192.168.1.27,6,29600,443,447670,22.096089
172.16.0.12,10.0.0.28,6,62178,443,15342,9.401978
172.16.0.3,192.168.1.18,6,30751,443,38091,1.208677
172.16.0.18,172.16.0.14,6,48630,443,425813,3.641552
192.168.1.46,10.0.0.30,6,19221,443,171658,20.39725
192.168.1.41,10.0.0.26,6,11897,443,248780,5.306989
192.168.1.33,192.168.1.34,6,45857,443,305853,19.590383
10.0.0.6,192.168.1.24,6,25551,443,442115,16.778338
192.168.1.46,10.0.0.1,6,11963,443,477530,23.269182
10.0.0.28,192.168.1.31,6,41738,443,235593,11.32028
172.16.0.14,192.168.1.19,6,43250,443,41122,22.362637
10.0.0.16,192.168.1.33,6,13355,443,326093,10.167914
172.16.0.8,192.168.1.27,6,12143,443,197371,28.241684
192.168.1.13,192.168.1.40,6,56922,443,15632,19.31011
192.168.1.42,192.168.1.30,6,28939,443,175975,5.439739
192.168.1.29,10.0.0.28,6,58430,443,495640,6.857832
10.0.0.11,172.16.0.15,6,28155,443,199978,25.62343
192.168.1.40,192.168.1.25,6,29034,443,202971,6.6839
192.168.1.15,10.0.0.12,6,19180,443,397048,27.917605
10.0.0.2,172.16.0.18,6,17583,443,399280,26.523455
192.168.1.41,10.0.0.13,6,22363,443,204160,8.031779
10.0.0.6,192.168.1.6,6,34782,443,435137,17.855022
192.168.1.20,10.0.0.29,6,45498,443,456035,19.510391
10.0.0.22,192.168.1.39,6,26616,443,390102,12.662399
10.0.0.13,192.168.1.10,6,53230,443,415330,23.361352
10.0.0.3,192.168.1.31,6,45920,443,456689,17.269822
172.16.0.16,10.0.0.23,6,10794,443,263786,7.268963
10.0.0.24,192.168.1.28,6,34488,443,380845,27.295881
192.168.1.25,10.0.0.8,6,39108,443,267916,28.889632
10.0.0.28,192.168.1.35,6,13212,443,324795,15.128962
10.0.0.20,172.16.0.3,6,32376,443,449653,9.598701
192.168.1.46,10.0.0.10,6,21965,443,438579,15.874003
192.168.1.32,192.168.1.33,6,10975,443,447648,12.500142
192.168.1.5,192.168.1.47,6,64897,443,171670,3.452102
192.168.1.1,172.16.0.5,6,46391,443,285980,13.618796
192.168.1.6,10.0.0.11,6,11689,443,394132,19.404254
192.168.1.34,172.16.0.4,6,21680,443,371617,25.730183
192.168.1.49,192.168.1.37,6,50540,443,25618,8.859867
10.0.0.2,192.168.1.1,6,26988,443,123368,17.916547
192.168.1.7,10.0.0.8,6,59059,443,186028,1.135157
192.168.1.23,192.168.1.30,6,30590,443,345452,28.210699
10.0.0.11,192.168.1.43,6,10405,443,32316,7.4919
192.168.1.41,10.0.0.20,6,22570,443,226091,6.404891
192.168.1.40,192.168.1.42,6,61555,443,414648,20.726641
192.168.1.23,172.16.0.4,6,64766,443,361917,1.956937
192.168.1.3,192.168.1.17,6,31984,443,131965,7.079568
10.0.0.28,192.168.1.3,6,28400,443,50601,10.547585
192.168.1.30,192.168.1.11,6,40935,443,459567,6.594077
172.16.0.9,192.168.1.3,6,55123,443,314295,7.61734
192.168.1.2,192.168.1.31,6,21189,443,31632,1.635027
192.168.1.8,10.0.0.30,6,34585,443,421349,29.399654
10.0.0.7,192.168.1.11,6,31239,443,127998,3.627461
192.168.1.10,192.168.1.3,6,15764,443,407263,29.191241
192.168.1.3,10.0.0.8,6,25859,443,13091,12.810412
10.0.0.4,10.0.0.30,6,17367,443,360480,28.827815
172.16.0.7,192.168.1.11,6,39582,443,211889,12.594526
192.168.1.9,192.168.1.1,6,54732,443,325087,15.908101
192.168.1.34,192.168.1.44,6,35874,443,59094,26.530277
10.0.0.24,192.168.1.40,6,22907,443,456583,13.742804
192.168.1.45,10.0.0.11,6,43345,443,295507,9.578939
192.168.1.31,192.168.1.35,6,61184,443,125367,24.864584
172.16.0.6,192.168.1.32,6,64689,443,28681,25.145393
10.0.0.5,192.168.1.15,6,37878,443,499361,8.234088
10.0.0.7,10.0.0.18,6,62975,443,265048,6.410732
192.168.1.42,10.0.0.6,6,17355,443,103658,28.843047
10.0.0.10,172.16.0.3,6,22095,443,250415,21.179941
192.168.1.48,10.0.0.26,6,42051,443,371762,4.067399
192.168.1.38,172.16.0.2,6,65479,443,436054,14.868843
172.16.0.17,192.168.1.37,6,25583,443,293753,5.464395
192.168.1.48,10.0.0.1,6,28348,443,448046,15.237154
192.168.1.45,192.168.1.36,6,14862,443,13657,2.811333
10.0.0.16,192.168.1.22,6,33074,443,258476,28.480931
192.168.1.21,192.168.1.38,6,53328,443,221297,21.371546
172.16.0.6,192.168.1.48,6,51575,443,84881,6.573848
10.0.0.19,192.168.1.41,6,15590,443,201960,0.607763
10.0.0.15,10.0.0.16,6,12450,443,226808,11.426426
192.168.1.35,192.168.1.1,6,19494,443,278622,25.859101
192.168.1.39,10.0.0.5,6,36072,443,458489,6.480024
192.168.1.43,192.168.1.47,6,43661,443,167412,28.710147
192.168.1.42,192.168.1.16,6,37985,443,222761,23.781986
10.0.0.17,172.16.0.18,6,60625,443,156268,13.694739
192.168.1.18,192.168.1.39,6,55911,443,362331,0.980003
192.168.1.44,172.16.0.14,6,27569,443,186000,4.703466
192.168.1.23,10.0.0.12,6,59838,443,2340,25.346229
172.16.0.6,10.0.0.19,6,46111,443,278494,16.707577
192.168.1.36,192.168.1.31,6,16382,443,128613,13.735539
192.168.1.21,10.0.0.5,6,49934,443,25870,15.261118
192.168.1.5,192.168.1.1,6,44760,443,330617,27.938413
192.168.1.10,10.0.0.7,6,44487,443,62162,7.601535
192.168.1.34,10.0.0.24,6,39142,443,40520,7.781577
172.16.0.14,172.16.0.15,6,14977,443,131196,9.393715
192.168.1.33,192.168.1.22,6,11643,443,262282,24.48543
192.168.1.31,10.0.0.20,6,36903,443,324620,0.826914
192.168.1.17,192.168.1.42,6,58548,443,344722,22.455834
192.168.1.38,192.168.1.8,6,37736,443,113025,20.808309
10.0.0.28,10.0.0.21,6,32428,443,357039,1.473312
192.168.1.4,172.16.0.6,6,51282,443,351974,17.238867
172.16.0.2,192.168.1.13,6,40538,443,414432,24.854466
192.168.1.20,192.168.1.8,6,37526,443,434685,4.869736
192.168.1.31,192.168.1.5,6,35074,443,35934,26.945437
192.168.1.25,192.168.1.14,6,46446,443,348006,1.27628
172.16.0.4,192.168.1.39,6,29315,443,484715,26.915833
10.0.0.29,192.168.1.17,6,40573,443,169332,5.386426
10.0.0.3,10.0.0.25,6,62241,443,362966,1.780742
10.0.0.2,172.16.0.2,6,59885,443,128424,25.452431
192.168.1.42,192.168.1.26,6,61082,443,47533,17.483467
192.168.1.8,10.0.0.30,6,61785,443,169381,22.449766
10.0.0.27,192.168.1.12,6,49249,443,134375,19.126092
172.16.0.16,192.168.1.34,6,10619,443,435781,26.985626
172.16.0.4,10.0.0.9,6,60148,443,312587,3.868425
192.168.1.29,172.16.0.18,6,31034,443,184359,0.830664
192.168.1.21,192.168.1.22,6,57200,443,269979,8.702146
10.0.0.26,10.0.0.6,6,14016,443,309546,26.089316
192.168.1.48,10.0.0.17,6,57551,443,462822,0.222781
172.16.0.2,172.16.0.13,6,56526,443,153626,7.265569
192.168.1.35,192.168.1.29,6,41748,443,430594,22.932326
192.168.1.50,10.0.0.15,6,41690,443,1563,19.553326
192.168.1.26,192.168.1.37,6,41951,443,146524,13.723187
10.0.0.2,172.16.0.15,6,40621,443,470924,4.40317
10.0.0.13,192.168.1.24,6,14126,443,315042,14.341288
10.0.0.4,172.16.0.5,6,52859,443,171883,18.202231
192.168.1.11,10.0.0.24,6,16112,443,466448,9.662774
192.168.1.20,192.168.1.35,6,63360,443,112065,22.872446
192.168.1.44,10.0.0.11,6,33661,443,5198,24.596901
10.0.0.1,10.0.0.9,6,42228,443,375908,15.533599
10.0.0.6,192.168.1.38,6,64859,443,242877,29.826267
10.0.0.15,172.16.0.2,6,65112,443,284885,14.758395
192.168.1.30,192.168.1.25,6,28504,443,136818,7.570425
10.0.0.23,192.168.1.42,6,49923,443,132605,29.857568
10.0.0.99,192.168.200.1,6,46411,8,107,0.076527
10.0.0.99,192.168.200.2,6,37748,730,41,0.017809
10.0.0.99,192.168.200.3,6,40293,166,91,0.011091
10.0.0.99,192.168.200.4,6,60790,151,129,0.038213
10.0.0.99,192.168.200.5,6,64191,277,110,0.089533
10.0.0.99,192.168.200.6,6,30895,904,159,0.040651
10.0.0.99,192.168.200.7,6,55600,462,92,0.053448
10.0.0.99,192.168.200.8,6,14108,315,115,0.051539
10.0.0.99,192.168.200.9,6,50120,282,159,0.079834
10.0.0.99,192.168.200.10,6,58169,420,141,0.045902
10.0.0.99,192.168.200.11,6,64542,784,114,0.010917
10.0.0.99,192.168.200.12,6,10326,540,94,0.027639
10.0.0.99,192.168.200.13,6,18160,534,49,0.068039
10.0.0.99,192.168.200.14,6,60545,884,57,0.03674
10.0.0.99,192.168.200.15,6,19696,967,154,0.093444
10.0.0.99,192.168.200.16,6,36134,516,162,0.032791
10.0.0.99,192.168.200.17,6,25808,554,96,0.056225
10.0.0.99,192.168.200.18,6,61689,604,193,0.099293
10.0.0.99,192.168.200.19,6,22972,154,117,0.019856
10.0.0.99,192.168.200.20,6,32150,925,80,0.051835
10.0.0.99,192.168.200.21,6,48074,378,61,0.081737
10.0.0.99,192.168.200.22,6,61088,512,70,0.029938
10.0.0.99,192.168.200.23,6,31036,596,182,0.010122
10.0.0.99,192.168.200.24,6,43586,545,169,0.038858
10.0.0.99,192.168.200.25,6,44426,470,81,0.072225
10.0.0.99,192.168.200.26,6,30220,780,117,0.015341
10.0.0.99,192.168.200.27,6,22804,215,111,0.07438
10.0.0.99,192.168.200.28,6,40254,521,153,0.002609
10.0.0.99,192.168.200.29,6,39576,504,170,0.018467
10.0.0.99,192.168.200.30,6,22420,517,41,0.009645
10.0.0.99,192.168.200.31,6,63004,869,91,0.036276
10.0.0.99,192.168.200.32,6,32152,650,128,0.099615
10.0.0.99,192.168.200.33,6,40319,232,168,0.061721
10.0.0.99,192.168.200.34,6,32656,689,200,0.050976
10.0.0.99,192.168.200.35,6,35731,816,160,0.001041
10.0.0.99,192.168.200.36,6,36459,496,62,0.019091
10.0.0.99,192.168.200.37,6,53250,70,76,0.030035
10.0.0.99,192.168.200.38,6,37057,891,147,0.002414
10.0.0.99,192.168.200.39,6,16190,329,117,0.081915
10.0.0.99,192.168.200.40,6,29154,655,117,0.071049
10.0.0.99,192.168.200.41,6,50737,521,171,0.023107
10.0.0.99,192.168.200.42,6,60766,772,79,0.026454
10.0.0.99,192.168.200.43,6,34790,689,166,0.00797
10.0.0.99,192.168.200.44,6,43883,990,162,0.065284
10.0.0.99,192.168.200.45,6,21809,177,165,0.005222
10.0.0.99,192.168.200.46,6,45015,142,84,0.074606
10.0.0.99,192.168.200.47,6,52576,927,69,0.017713
10.0.0.99,192.168.200.48,6,11564,60,106,0.025068
10.0.0.99,192.168.200.49,6,43920,834,93,0.066646
10.0.0.99,192.168.200.50,6,47096,789,134,0.066213
10.0.0.99,192.168.200.51,6,41723,97,123,0.024478
10.0.0.99,192.168.200.52,6,39065,978,157,0.030223
10.0.0.99,192.168.200.53,6,23631,200,92,0.031184
10.0.0.99,192.168.200.54,6,59774,566,145,0.00958
10.0.0.99,192.168.200.55,6,18603,428,116,0.056574
10.0.0.99,192.168.200.56,6,24250,617,198,0.056284
10.0.0.99,192.168.200.57,6,35868,661,177,0.096924
10.0.0.99,192.168.200.58,6,63842,407,192,0.023028
10.0.0.99,192.168.200.59,6,18204,721,72,0.020164
10.0.0.99,192.168.200.60,6,45301,283,159,0.053032
10.0.0.99,192.168.200.61,6,53226,964,112,0.014551
10.0.0.99,192.168.200.62,6,31370,10,77,0.07113
10.0.0.99,192.168.200.63,6,21225,53,64,0.011435
10.0.0.99,192.168.200.64,6,14265,714,142,0.083177
10.0.0.99,192.168.200.65,6,15104,821,188,0.012925
10.0.0.99,192.168.200.66,6,22082,193,170,0.020642
10.0.0.99,192.168.200.67,6,29886,345,71,0.007028
10.0.0.99,192.168.200.68,6,19385,45,119,0.082657
10.0.0.99,192.168.200.69,6,53313,444,50,0.02718
10.0.0.99,192.168.200.70,6,34558,444,110,0.084971
10.0.0.99,192.168.200.71,6,62338,601,156,0.099437
10.0.0.99,192.168.200.72,6,48155,5,145,0.053655
10.0.0.99,192.168.200.73,6,10010,195,140,0.085814
10.0.0.99,192.168.200.74,6,40744,395,152,0.091474
10.0.0.99,192.168.200.75,6,34738,531,128,0.096478
10.0.0.99,192.168.200.76,6,33634,787,189,0.04328
10.0.0.99,192.168.200.77,6,40008,352,168,0.058391
10.0.0.99,192.168.200.78,6,49601,136,175,0.077729
10.0.0.99,192.168.200.79,6,54682,299,83,0.081264
10.0.0.99,192.168.200.80,6,45893,35,42,0.001021
10.0.0.99,192.168.200.81,6,20580,432,111,0.088514
10.0.0.99,192.168.200.82,6,57283,791,161,0.055831
10.0.0.99,192.168.200.83,6,43422,34,161,0.084178
10.0.0.99,192.168.200.84,6,50646,533,118,0.032568
10.0.0.99,192.168.200.85,6,53149,430,100,0.093507
10.0.0.99,192.168.200.86,6,57817,18,178,0.005307
10.0.0.99,192.168.200.87,6,13239,579,168,0.019912
10.0.0.99,192.168.200.88,6,25808,86,190,0.09271
10.0.0.99,192.168.200.89,6,38125,488,71,0.038897
10.0.0.99,192.168.200.90,6,12213,591,179,0.056859
10.0.0.99,192.168.200.91,6,57398,172,191,0.024495
10.0.0.99,192.168.200.92,6,33516,897,45,0.044978
10.0.0.99,192.168.200.93,6,21059,361,166,0.043116
10.0.0.99,192.168.200.94,6,37795,998,91,0.095652
10.0.0.99,192.168.200.95,6,45446,501,130,0.014914
10.0.0.99,192.168.200.96,6,39067,641,40,0.098261
10.0.0.99,192.168.200.97,6,32852,771,43,0.035075
10.0.0.99,192.168.200.98,6,19015,459,78,0.059511
10.0.0.99,192.168.200.99,6,24757,459,101,0.059237
10.0.0.99,192.168.200.100,6,45783,199,194,0.014882
